Name,Maths,Science,English
Student_1_Jspkh,78,45,65
Student_2_Kfbbn,93,74,54
Student_3_Nmraody,38,43,77
Student_4_Dyisdm,47,49,94
Student_5_Ihyzy,51,88,64
Student_6_Vyhwv,44,57,45
Student_7_Zcfpblq,86,85,75
Student_8_Mltizt,36,74,55
Student_9_Odmvuepf,66,81,76
Student_10_Pjome,37,52,74
Student_11_Xxhac,52,42,79
Student_12_Gtiqzn,83,65,90
Student_13_Hjpahvb,81,71,99
Student_14_Grjbn,73,38,75
Student_15_Algcgjry,36,70,60
Student_16_Sobstp,54,59,81
Student_17_Udvit,45,78,69
Student_18_Jtaqj,60,71,65
Student_19_Nplbum,43,65,38
Student_20_Txnku,39,50,61
Student_21_Duzlbuo,88,97,100
Student_22_Sqhjlok,66,98,59
Student_23_Kkjba,65,70,77
Student_24_Kqoyuupc,80,45,62
Student_25_Hvziko,69,83,65
Student_26_Kgsyri,75,78,53
Student_27_Qqazz,59,55,80
Student_28_Crtpxzw,91,61,97
Student_29_Rsfmbyki,76,69,65
Student_30_Xdwedcg,40,86,92
Student_31_Odfgmir,50,72,37
Student_32_Lzictgnv,59,44,54
Student_33_Etzmp,37,46,43
Student_34_Ucabbdmy,53,83,63
Student_35_Pszus,61,69,78
Student_36_Wdwbcgi,39,81,60
Student_37_Iejds,71,47,98
Student_38_Jhuyj,59,47,98
Student_39_Gfvqsl,97,61,46
Student_40_Nadxk,69,96,60
Student_41_Pmuamnqm,43,93,92
Student_42_Iqugoxxm,89,48,98
Student_43_Xnvchw,56,94,100
Student_44_Vodohu,51,37,100
Student_45_Ufnxxp,60,78,60
Student_46_Lziayj,60,43,67
Student_47_Bmzzbo,93,75,84
Student_48_Irlnri,77,37,46
Student_49_Epwzpz,84,84,43
Student_50_Wzwkyxr,60,99,91
Student_51_Phpgxqsb,71,35,69
Student_52_Eqwqtyy,36,77,94
Student_53_Vkytlic,38,96,68
Student_54_Htygfo,99,59,81
Student_55_Ijwie,93,38,72
Student_56_Jaxda,64,41,45
Student_57_Skagxj,100,86,68
Student_58_Zfyqfhz,75,35,89
Student_59_Yflemo,52,38,46
Student_60_Wsfio,98,71,56
Student_61_Lzaapl,71,45,88
Student_62_Iuucs,72,83,92
Student_63_Jtofapp,62,73,38
Student_64_Qirimvj,91,55,46
Student_65_Jsydamqf,81,58,70
Student_66_Eglnny,86,91,92
Student_67_Kajsvvh,82,57,72
Student_68_Riont,100,43,66
Student_69_Gusgmgq,51,39,59
Student_70_Qcgfyaal,60,87,87
Student_71_Djiuxt,61,58,88
Student_72_Jiqtfp,90,44,70
Student_73_Zwbif,72,68,84
Student_74_Fqmnbofi,37,57,69
Student_75_Xubik,44,98,59
Student_76_Onazoec,75,98,79
Student_77_Lfhdjfhw,49,53,92
Student_78_Dkpcpe,61,74,87
Student_79_Pjlqpc,39,47,55
Student_80_Xyltpa,40,95,85
Student_81_Bmldreh,35,99,74
Student_82_Jwzsgqe,86,84,81
Student_83_Rbbdw,68,50,85
Student_84_Xotstb,46,69,50
Student_85_Bhrqumk,87,53,75
Student_86_Pdqbxi,94,100,80
Student_87_Eczzb,65,61,63
Student_88_Fbocyp,82,53,72
Student_89_Svwfgkw,51,95,77
Student_90_Zimtd,61,71,56
Student_91_Hdatzke,72,96,78
Student_92_Kcmnlmcn,45,49,37
Student_93_Sapgtrym,81,64,70
Student_94_Xtebayat,59,74,52
Student_95_Kkyhflhk,62,69,78
Student_96_Ppzfw,74,50,83
Student_97_Dleagk,71,99,72
Student_98_Mnkglbzt,63,62,44
Student_99_Ydshjfpa,36,79,75
Student_100_Boxxrqa,41,44,67
Student_101_Fcftdu,96,84,99
Student_102_Qgdzebvq,75,77,59
Student_103_Vvhurv,82,36,35
Student_104_Pqyvajb,91,37,82
Student_105_Acskncy,76,46,91
Student_106_Ivfmphc,72,91,98
Student_107_Aqrgwf,62,76,40
Student_108_Rcvuc,77,63,53
Student_109_Alnuombq,87,82,64
Student_110_Dahkrbqo,74,40,75
Student_111_Oqdzc,66,46,63
Student_112_Vrmjbv,45,87,45
Student_113_Fjsjbeci,37,79,68
Student_114_Jhpqf,69,70,67
Student_115_Sdkgx,36,65,95
Student_116_Hyevxojq,100,80,99
Student_117_Tbdmxp,58,72,55
Student_118_Bultj,93,70,95
Student_119_Stgmhoh,66,72,48
Student_120_Iydjfv,60,81,60
Student_121_Mtjrux,64,84,41
Student_122_Luypb,49,89,92
Student_123_Zuzyhef,41,86,94
Student_124_Boscy,40,59,94
Student_125_Ggazkv,44,47,82
Student_126_Pjkcqula,47,70,37
Student_127_Vzcfiu,78,88,39
Student_128_Tyhgb,76,65,40
Student_129_Dldmvbn,95,57,77
Student_130_Zlpdsc,61,62,87
Student_131_Fuflej,70,97,55
Student_132_Zjeqveh,77,68,40
Student_133_Ahcteivi,58,66,45
Student_134_Hvmub,56,77,77
Student_135_Fyvjfiol,79,79,74
Student_136_Vnbro,92,76,55
Student_137_Mnnjlhub,42,90,54
Student_138_Kbpfymv,47,98,99
Student_139_Mxuzw,69,48,36
Student_140_Pfnwnl,38,93,58
Student_141_Olnvx,76,85,42
Student_142_Lglad,52,81,94
Student_143_Vlhuo,39,99,82
Student_144_Kutrpbia,48,84,70
Student_145_Tpflp,69,67,38
Student_146_Dryzpj,37,67,69
Student_147_Xubjjgk,70,94,71
Student_148_Uujuu,47,38,50
Student_149_Oohbcog,75,72,76
Student_150_Ecqquxzn,51,36,98
Student_151_Qhbztz,80,90,76
Student_152_Zivad,40,89,76
Student_153_Sbztunl,77,97,81
Student_154_Qggqx,77,94,66
Student_155_Lvkrwmg,36,91,41
Student_156_Ggnncjf,40,82,82
Student_157_Ejfqzlf,64,44,39
Student_158_Bljnugzl,92,46,95
Student_159_Frodjc,67,38,46
Student_160_Xxcwqjku,68,71,62
Student_161_Vpzpwmfy,85,36,62
Student_162_Cahvczff,76,81,54
Student_163_Ygoow,100,91,38
Student_164_Oeydmjnm,62,50,54
Student_165_Bhlslcpn,95,57,70
Student_166_Fcgel,95,63,100
Student_167_Qrnkb,67,48,73
Student_168_Mcfvkm,54,88,71
Student_169_Nzeyfftc,57,82,63
Student_170_Emtcdak,55,99,40
Student_171_Gninm,87,98,40
Student_172_Duprnr,40,80,65
Student_173_Wkcezuv,89,90,91
Student_174_Fyddji,39,50,44
Student_175_Lhzcc,35,84,41
Student_176_Arwnhm,96,73,74
Student_177_Vuazr,90,61,64
Student_178_Fmcuakt,41,63,40
Student_179_Fpyow,89,92,69
Student_180_Iimpvrsg,39,95,49
Student_181_Cxnsu,41,52,81
Student_182_Idkotxcb,36,81,55
Student_183_Egomer,70,84,44
Student_184_Ibcrit,71,59,64
Student_185_Twvxjy,53,72,37
Student_186_Tuuvb,40,85,85
Student_187_Oauhl,91,45,56
Student_188_Agtyyxj,64,40,42
Student_189_Yauay,42,87,50
Student_190_Plsdwxx,71,88,90
Student_191_Qcbdd,74,76,49
Student_192_Ofwcw,76,86,90
Student_193_Qbmyg,76,73,64
Student_194_Djrgbepz,82,80,40
Student_195_Cqlez,73,81,60
Student_196_Zaagx,83,39,39
Student_197_Dujqwkl,72,60,62
Student_198_Rfvso,88,54,61
Student_199_Ugmww,55,99,70
Student_200_Cuzvsy,64,91,83
Student_201_Huqwrmr,90,58,95
Student_202_Otdqnwgs,40,47,80
Student_203_Zmruc,81,74,39
Student_204_Qxofqhbx,64,78,99
Student_205_Ijpcud,74,51,83
Student_206_Wlfuik,57,44,98
Student_207_Imzib,44,95,70
Student_208_Agjdxy,86,84,63
Student_209_Labuqyu,66,69,95
Student_210_Tpeyczxl,93,46,90
Student_211_Wykmnwr,75,73,67
Student_212_Bzzajl,85,92,83
Student_213_Psqkw,61,82,75
Student_214_Debxrv,84,65,88
Student_215_Unyyd,84,78,99
Student_216_Xqokdap,61,43,45
Student_217_Olewezy,99,40,55
Student_218_Ogwgn,55,58,38
Student_219_Rcwpguqg,92,79,48
Student_220_Ufikoqbr,81,98,65
Student_221_Bolgsjv,54,80,37
Student_222_Kljyq,73,86,40
Student_223_Gniwdmy,39,76,89
Student_224_Ullcp,50,88,36
Student_225_Attgi,49,83,50
Student_226_Gizvxdmr,75,71,94
Student_227_Itydn,70,63,89
Student_228_Hpradu,71,98,38
Student_229_Ltikptx,40,89,85
Student_230_Nacio,93,86,93
Student_231_Bljdfd,66,52,55
Student_232_Rawdytal,65,100,100
Student_233_Ihlln,93,98,75
Student_234_Klaoy,53,61,98
Student_235_Wuaaw,87,86,42
Student_236_Ulktfyxe,76,65,78
Student_237_Fzniox,94,56,35
Student_238_Zrprsrpt,50,86,94
Student_239_Jyzukk,60,85,42
Student_240_Xgymknaf,81,100,50
Student_241_Iguimh,98,69,83
Student_242_Kbaar,63,95,89
Student_243_Trpjgix,82,67,72
Student_244_Igtcwyam,89,99,72
Student_245_Selqc,41,85,97
Student_246_Wxudbt,91,73,38
Student_247_Awytqooo,50,99,75
Student_248_Zobduk,73,36,73
Student_249_Elsflyi,47,57,82
Student_250_Ogvvrzex,74,67,84
Student_251_Fyyxtfm,65,70,85
Student_252_Fmqhm,65,60,70
Student_253_Cgzmf,82,100,68
Student_254_Ygxqty,67,35,65
Student_255_Clgby,76,87,67
Student_256_Mihrww,47,82,58
Student_257_Orztbf,36,51,58
Student_258_Umdqclp,52,56,67
Student_259_Jzwizt,61,100,92
Student_260_Nykihd,61,77,95
Student_261_Ihvwzdze,58,70,45
Student_262_Etvxfhny,49,86,98
Student_263_Vdhwuid,57,65,83
Student_264_Tcragt,57,74,78
Student_265_Qpirz,74,83,44
Student_266_Niybkn,64,71,63
Student_267_Yrrazsf,94,42,76
Student_268_Aosnx,82,53,50
Student_269_Zejzev,35,58,50
Student_270_Wnqfu,65,46,48
Student_271_Mtkqmujz,36,61,57
Student_272_Hnmna,100,43,92
Student_273_Qvclmauo,66,49,52
Student_274_Raarxaij,81,53,72
Student_275_Njzevg,50,81,96
Student_276_Lugigzb,92,92,66
Student_277_Gqsqy,81,98,53
Student_278_Rlormuu,49,80,70
Student_279_Dhkjy,37,51,66
Student_280_Zpwbcvpm,35,67,94
Student_281_Fvetq,53,66,92
Student_282_Aejyafre,44,72,85
Student_283_Unhpvi,66,83,98
Student_284_Ldcvigf,39,86,70
Student_285_Mlfii,73,93,45
Student_286_Gefxfgc,38,55,54
Student_287_Hkpxeopp,59,42,77
Student_288_Scwwjl,91,81,48
Student_289_Hyowfmo,72,89,84
Student_290_Cbrdl,62,95,79
Student_291_Eiunzgj,78,100,48
Student_292_Kwywz,89,39,61
Student_293_Xfyzbw,69,42,79
Student_294_Vuwws,40,71,50
Student_295_Nlcubd,40,41,78
Student_296_Ydzznorw,66,80,47
Student_297_Tfwnnlz,45,74,35
Student_298_Xicqcuq,37,96,72
Student_299_Oxtqmcnc,36,44,94
Student_300_Xpdbzygj,84,66,52
Student_301_Czrjykt,71,84,83
Student_302_Wkecqhw,63,100,99
Student_303_Djhgkqww,97,74,76
Student_304_Klvaifdn,41,79,58
Student_305_Xbfrd,60,38,70
Student_306_Gvtsvw,97,79,78
Student_307_Znesvp,94,64,79
Student_308_Mhoxini,36,92,74
Student_309_Uzonmkg,61,78,62
Student_310_Vvobgngw,72,71,63
Student_311_Hflusg,53,65,59
Student_312_Uscyh,93,85,73
Student_313_Drsrlx,82,75,53
Student_314_Rduifrmo,71,76,67
Student_315_Fuuhic,80,72,43
Student_316_Fkmzv,52,35,87
Student_317_Nzggqq,73,95,66
Student_318_Qvotvvtt,46,53,56
Student_319_Itgjrhx,52,62,54
Student_320_Kwmppeau,73,67,89
Student_321_Cbufb,47,75,97
Student_322_Zkkyrw,54,81,85
Student_323_Emulf,45,71,90
Student_324_Zelqxec,63,59,54
Student_325_Xitmn,66,49,63
Student_326_Sxehtr,90,40,97
Student_327_Uiasvak,76,45,53
Student_328_Pfhwsxqy,80,71,66
Student_329_Pdpalioa,90,76,80
Student_330_Gdgmjc,74,67,36
Student_331_Hkaul,78,85,89
Student_332_Vchcj,47,99,59
Student_333_Kniuutx,92,94,71
Student_334_Rvtfupq,68,53,42
Student_335_Bvbwrwqf,73,57,66
Student_336_Sojww,60,77,89
Student_337_Ayucistl,88,43,68
Student_338_Gaijp,82,86,69
Student_339_Zunauckq,89,94,49
Student_340_Tchhgd,77,73,69
Student_341_Nnglozw,84,97,38
Student_342_Vfgdp,66,42,43
Student_343_Mljfl,59,83,80
Student_344_Rfcpbdbk,38,65,37
Student_345_Lmuushn,51,86,47
Student_346_Vrtavzmz,73,96,78
Student_347_Eawikkb,55,91,42
Student_348_Vphkbbt,94,66,53
Student_349_Garry,71,35,77
Student_350_Xpxycn,84,93,39
Student_351_Ckzvsx,92,94,45
Student_352_Qnnoharv,95,42,66
Student_353_Qlslqs,42,68,42
Student_354_Nhpuue,99,57,64
Student_355_Vmhckh,80,61,43
Student_356_Ssjjxac,71,35,35
Student_357_Gsinyoco,56,35,42
Student_358_Pxgvi,80,42,90
Student_359_Ecdaw,77,79,71
Student_360_Abghogu,56,99,38
Student_361_Plbjmtz,79,65,52
Student_362_Uquysf,94,73,45
Student_363_Ivfolp,42,78,86
Student_364_Frgtv,51,70,97
Student_365_Ekqvzks,87,70,50
Student_366_Tpirxug,74,88,65
Student_367_Gplzy,49,55,91
Student_368_Dzsmgfq,81,58,78
Student_369_Txekk,99,85,37
Student_370_Fbwpa,95,50,59
Student_371_Duhhsg,48,79,81
Student_372_Muyrr,74,47,87
Student_373_Knozint,56,93,41
Student_374_Itaxn,58,51,94
Student_375_Rqhfjn,48,60,46
Student_376_Qrridwyx,57,86,50
Student_377_Isyybtem,59,51,46
Student_378_Pkxrerg,61,100,98
Student_379_Cslwhn,97,79,76
Student_380_Hroknjce,39,50,91
Student_381_Isocewa,57,86,86
Student_382_Modobi,55,76,79
Student_383_Qnudxpf,69,52,45
Student_384_Tocfao,82,43,98
Student_385_Oymjhn,75,89,53
Student_386_Aejid,100,35,89
Student_387_Zeeqsags,93,91,67
Student_388_Mooijw,54,89,52
Student_389_Qophs,87,88,74
Student_390_Uvfamb,51,100,37
Student_391_Fnoixs,70,50,35
Student_392_Bsqcu,94,63,76
Student_393_Xzppsc,62,80,75
Student_394_Dafafmqy,46,41,76
Student_395_Ktzowb,66,47,83
Student_396_Gfqldfyc,76,65,71
Student_397_Xewgzoq,86,36,43
Student_398_Kbrlmx,89,41,49
Student_399_Psedp,87,40,44
Student_400_Bifztgwx,36,43,91
Student_401_Idbbul,95,92,75
Student_402_Gccsn,50,40,91
Student_403_Itcaqmr,95,39,50
Student_404_Zlcfg,100,66,69
Student_405_Lpabutmp,85,59,65
Student_406_Nwuhupc,53,85,100
Student_407_Bpnzw,71,70,70
Student_408_Fusdpp,43,49,66
Student_409_Eymvgm,89,60,49
Student_410_Vxxggtod,80,65,38
Student_411_Lfzusp,45,38,39
Student_412_Ppegea,42,68,49
Student_413_Snzdroln,58,50,89
Student_414_Htguuv,58,99,89
Student_415_Kgvozw,84,90,93
Student_416_Qfbgfzbq,93,70,72
Student_417_Yrqylcl,39,70,99
Student_418_Pwdhx,75,88,63
Student_419_Dggdkbl,71,78,98
Student_420_Dljyip,81,53,77
Student_421_Ejuuh,53,87,87
Student_422_Mvqhcnu,62,87,57
Student_423_Dulbblb,86,48,46
Student_424_Nxgujqqp,77,63,93
Student_425_Hixufyg,58,54,46
Student_426_Tinpky,70,37,61
Student_427_Rdemqt,40,86,95
Student_428_Uytpgr,50,41,58
Student_429_Rhjgvstx,35,99,59
Student_430_Yyzrlt,94,43,50
Student_431_Bcmsr,41,81,62
Student_432_Yjbblbjk,37,92,98
Student_433_Hdnwurf,55,65,77
Student_434_Glxaxvf,65,63,70
Student_435_Udpzemrd,41,55,64
Student_436_Ofakoe,60,86,61
Student_437_Huqhunb,89,94,62
Student_438_Iauxm,35,59,80
Student_439_Knsbthg,40,66,54
Student_440_Qawbg,61,45,73
Student_441_Odasugna,36,58,82
Student_442_Jnuqqzjg,65,62,97
Student_443_Kyemlh,57,91,39
Student_444_Dxytk,71,96,78
Student_445_Rrxlwg,92,47,74
Student_446_Qgqghd,96,98,81
Student_447_Skcpx,49,53,62
Student_448_Sbpmcch,82,92,35
Student_449_Mrnfp,91,75,81
Student_450_Qrimzyp,59,95,96
Student_451_Csgymqct,42,69,73
Student_452_Rvaca,86,89,78
Student_453_Udnapshe,58,55,42
Student_454_Yjhluy,47,99,80
Student_455_Bbdzeyzx,59,64,92
Student_456_Aentc,96,68,97
Student_457_Kofitnw,44,60,43
Student_458_Tccrpdug,85,58,84
Student_459_Fliweitl,55,66,84
Student_460_Wbnwfmc,53,86,91
Student_461_Ytczd,82,53,60
Student_462_Qdfcu,53,90,85
Student_463_Gkfcu,71,70,90
Student_464_Gjdspmt,74,53,55
Student_465_Slhkt,85,36,79
Student_466_Cldifvqb,100,95,49
Student_467_Egrhsu,65,53,78
Student_468_Gxultmhs,85,94,83
Student_469_Ucqvh,95,43,86
Student_470_Cigkk,59,88,100
Student_471_Qkkxj,98,43,87
Student_472_Xyfojy,79,67,75
Student_473_Pmqqpc,61,50,78
Student_474_Fouau,75,39,42
Student_475_Rdcbuug,86,72,74
Student_476_Qkuou,67,53,58
Student_477_Ytoyc,74,39,47
Student_478_Qsusguy,86,83,87
Student_479_Ksuyu,40,88,54
Student_480_Mpajfhpq,55,36,53
Student_481_Pxfamfry,41,60,44
Student_482_Crcik,59,73,56
Student_483_Rexjye,53,99,40
Student_484_Kpcwwx,37,60,76
Student_485_Pyelfenr,82,41,41
Student_486_Taozzivu,97,87,72
Student_487_Mlrxda,83,58,56
Student_488_Utpvzcpu,57,93,81
Student_489_Iegfbgci,67,69,92
Student_490_Tkkujxnl,82,45,74
Student_491_Nhxnhes,67,93,65
Student_492_Bswczkf,94,84,78
Student_493_Sdnxnqb,55,78,77
Student_494_Qonqz,71,83,80
Student_495_Caxxwli,73,80,57
Student_496_Zmpyml,45,60,61
Student_497_Jotjd,81,55,37
Student_498_Ajenlr,50,67,45
Student_499_Cdkffkl,61,86,44
Student_500_Ejutj,99,77,48
Student_501_Xjrmjvbf,65,35,67
Student_502_Aggptrz,68,98,43
Student_503_Nbpgk,56,84,94
Student_504_Vhdwnp,95,77,62
Student_505_Zdszglm,82,80,65
Student_506_Upaeyyml,57,76,94
Student_507_Hqhqm,39,71,48
Student_508_Flhrfuxq,61,72,61
Student_509_Vpjlrr,43,56,39
Student_510_Tnamta,93,61,57
Student_511_Lwuyaqmu,99,88,65
Student_512_Xbgoyan,42,71,73
Student_513_Fcqdfppf,37,76,52
Student_514_Mkeiw,66,65,76
Student_515_Rfwfrpx,86,48,86
Student_516_Jievesg,54,74,91
Student_517_Jopyndnm,62,37,72
Student_518_Xrfvbgu,75,62,68
Student_519_Bjezhlxi,36,42,72
Student_520_Ztgqqcc,78,45,97
Student_521_Ztkvsgn,92,53,72
Student_522_Lkqutg,78,86,93
Student_523_Tfiaf,91,42,80
Student_524_Evhim,53,98,50
Student_525_Rlupuls,91,88,62
Student_526_Nvzru,64,84,75
Student_527_Wciegfw,53,92,49
Student_528_Umebltq,77,43,52
Student_529_Lpuvpwv,70,75,56
Student_530_Apeuappi,55,86,92
Student_531_Jimok,68,92,49
Student_532_Bkiwx,64,85,40
Student_533_Aoejy,79,52,74
Student_534_Kilzx,58,52,86
Student_535_Lxzbq,100,54,62
Student_536_Gkrxcve,88,49,45
Student_537_Drjozhp,84,48,81
Student_538_Vrjegwtd,97,87,50
Student_539_Aqcymgzy,56,47,99
Student_540_Kxjfyjl,68,77,73
Student_541_Farzsz,49,40,71
Student_542_Eiyntpl,48,57,38
Student_543_Yejqpbgd,47,39,35
Student_544_Ixsevymu,94,39,92
Student_545_Htrmzo,97,86,78
Student_546_Ohojih,96,96,67
Student_547_Yqjufd,83,53,64
Student_548_Otkvs,51,80,48
Student_549_Xvdmb,80,69,56
Student_550_Gemfhh,75,84,37
Student_551_Addqqpw,91,88,76
Student_552_Ebrsxweq,44,98,95
Student_553_Hjvittw,56,92,92
Student_554_Qlneae,78,87,51
Student_555_Rdgnugw,84,56,56
Student_556_Rvecuh,47,81,39
Student_557_Hdyfumc,41,42,58
Student_558_Fzbcc,100,74,40
Student_559_Ksonzz,93,57,83
Student_560_Usjkfgrb,43,67,97
Student_561_Avxdbsgv,49,62,87
Student_562_Avwuv,100,80,94
Student_563_Nnaed,100,41,81
Student_564_Xszqn,96,70,62
Student_565_Pwfotcvg,94,53,37
Student_566_Knxitof,91,43,87
Student_567_Ermwpp,100,70,43
Student_568_Wmapkmb,77,89,66
Student_569_Iefuqs,39,98,65
Student_570_Xzcxfdn,87,91,64
Student_571_Bryitvfy,43,85,72
Student_572_Quxhokd,42,83,69
Student_573_Dzjpbz,41,43,86
Student_574_Pmwsj,67,69,39
Student_575_Tsnkduur,76,90,60
Student_576_Qfuaao,74,61,53
Student_577_Xxmkbfdd,48,81,85
Student_578_Kexbtagh,81,62,88
Student_579_Azmmm,65,56,72
Student_580_Cdwhpvgu,64,52,39
Student_581_Sqgggjd,82,59,51
Student_582_Lriolvux,90,66,85
Student_583_Cntesun,86,37,62
Student_584_Drnqlpi,93,77,58
Student_585_Klgcpr,37,94,48
Student_586_Clzrhn,75,45,100
Student_587_Pecau,94,80,66
Student_588_Xzeayfej,70,72,53
Student_589_Boswqwf,91,89,68
Student_590_Cbrmyoqd,37,51,88
Student_591_Xrzwwt,41,82,62
Student_592_Lnyev,42,79,65
Student_593_Kwknw,67,96,39
Student_594_Ugftaeg,54,66,38
Student_595_Oxnqr,40,55,50
Student_596_Byqtniq,75,94,81
Student_597_Bigchjde,93,65,93
Student_598_Iggmmq,64,76,52
Student_599_Lcmrc,91,59,80
Student_600_Pmezxjtc,66,69,90
Student_601_Nwmtwjzg,41,71,43
Student_602_Zfnvmcm,81,65,70
Student_603_Aelyp,44,96,54
Student_604_Googcvbk,62,97,38
Student_605_Lueta,52,75,82
Student_606_Bysdozge,94,99,95
Student_607_Jgidczr,92,72,94
Student_608_Amutgb,42,89,66
Student_609_Uvoeo,46,96,66
Student_610_Yqzppzxe,82,91,53
Student_611_Tlmztyhd,46,82,91
Student_612_Asydykfm,61,74,42
Student_613_Temlufi,90,52,43
Student_614_Olnlruq,68,75,75
Student_615_Trcocdm,80,97,68
Student_616_Yiavtyu,70,55,78
Student_617_Qqkkdyy,91,84,40
Student_618_Ixjyhaap,41,67,86
Student_619_Rnqvuv,42,100,73
Student_620_Mcolp,52,70,73
Student_621_Ruwgowem,48,59,68
Student_622_Neshiyk,100,91,37
Student_623_Fdppnym,37,57,98
Student_624_Vankb,48,86,40
Student_625_Yduegqi,82,41,37
Student_626_Pfuwx,100,43,63
Student_627_Pkutyjwe,41,65,59
Student_628_Pgdsg,87,45,40
Student_629_Bduovhq,79,75,42
Student_630_Tmxile,72,41,47
Student_631_Wvcpvbq,62,76,37
Student_632_Kdpbhv,84,58,53
Student_633_Vkdxde,67,75,46
Student_634_Adjia,61,65,37
Student_635_Iepsbjv,60,76,45
Student_636_Kwbuppk,50,80,100
Student_637_Mhagvuo,41,74,64
Student_638_Rrhpzm,89,86,40
Student_639_Nhrhjt,87,39,76
Student_640_Urgom,89,82,47
Student_641_Ftche,53,50,86
Student_642_Brnvgh,36,56,47
Student_643_Pdzdesdo,38,81,47
Student_644_Grfywn,85,87,70
Student_645_Iuiony,62,60,58
Student_646_Ziifa,64,79,79
Student_647_Xyyad,77,89,64
Student_648_Wvfll,35,57,69
Student_649_Vlntbvh,73,81,39
Student_650_Cfkgo,80,75,66
Student_651_Qiwkce,56,63,85
Student_652_Nkewxics,39,80,54
Student_653_Dlomizee,57,80,46
Student_654_Wzgmmmtp,68,76,39
Student_655_Uyrbip,42,47,52
Student_656_Pyhivvld,55,37,81
Student_657_Djjdhps,94,90,95
Student_658_Cypjdkud,75,51,59
Student_659_Wtsfumxe,99,83,56
Student_660_Wspbx,62,51,37
Student_661_Yowusbcr,56,55,92
Student_662_Ibfaowx,77,72,97
Student_663_Eazvils,41,69,88
Student_664_Lihmfe,67,93,83
Student_665_Xgdiilwb,46,81,73
Student_666_Zaaubqrq,91,98,97
Student_667_Sotas,63,82,76
Student_668_Tdpbcqgq,72,78,46
Student_669_Kogxwd,45,47,85
Student_670_Rxohj,84,58,100
Student_671_Mbmzwop,86,83,76
Student_672_Aexqd,42,82,49
Student_673_Urzeea,60,88,37
Student_674_Zsgsuy,43,89,66
Student_675_Ydhfwr,86,53,89
Student_676_Ewdciere,49,37,87
Student_677_Tgczshb,36,85,83
Student_678_Zjvwl,40,100,80
Student_679_Lqrfmgx,79,72,62
Student_680_Kvpqs,61,97,83
Student_681_Qunywe,81,37,79
Student_682_Jsvnrq,97,82,98
Student_683_Fxvyot,75,42,85
Student_684_Fgsryxy,66,75,67
Student_685_Quissyf,39,47,100
Student_686_Fpdltgse,38,78,77
Student_687_Bdawujl,80,69,84
Student_688_Zjibl,74,62,75
Student_689_Mlgofthu,45,86,75
Student_690_Mabkil,75,90,59
Student_691_Fzqjp,79,37,89
Student_692_Iwpirc,54,60,35
Student_693_Mehhjr,88,100,99
Student_694_Scuqqrf,67,92,42
Student_695_Ytyrw,70,89,77
Student_696_Dlzevhrv,85,58,81
Student_697_Qpttpsnj,60,100,88
Student_698_Fwiudw,91,65,74
Student_699_Pztasvy,92,48,73
Student_700_Zlpzewou,50,88,64
Student_701_Xrufpd,66,67,42
Student_702_Pjhbodc,39,42,52
Student_703_Fyaym,59,81,44
Student_704_Nzzofgo,79,82,42
Student_705_Wovxxcu,39,57,35
Student_706_Ghzygno,45,91,88
Student_707_Zzaumcbt,42,98,91
Student_708_Zzauk,96,43,50
Student_709_Fjdlnmjj,43,57,54
Student_710_Oueor,83,54,79
Student_711_Omihpx,74,61,61
Student_712_Vwycn,42,60,85
Student_713_Gqmxgq,48,77,36
Student_714_Gysqmk,63,72,99
Student_715_Zrdifpwi,92,75,87
Student_716_Mgmyj,37,58,42
Student_717_Brcmi,85,42,49
Student_718_Ofawfo,68,92,63
Student_719_Fftqey,95,68,36
Student_720_Ouhslc,59,49,82
Student_721_Qzqzunum,96,52,90
Student_722_Sqsiref,76,36,56
Student_723_Djfas,92,52,76
Student_724_Luhbsw,85,61,73
Student_725_Uiyiagnq,37,42,66
Student_726_Kjxdy,40,70,42
Student_727_Xjcfh,64,86,43
Student_728_Qbhwzy,43,40,93
Student_729_Qlsodfin,54,37,38
Student_730_Cdsplp,50,42,56
Student_731_Usszxn,96,59,80
Student_732_Xzggjlvy,84,41,38
Student_733_Kpbdsi,49,62,45
Student_734_Jhhvpcso,65,39,91
Student_735_Ufdeqcu,43,44,49
Student_736_Cbdcxazq,77,85,49
Student_737_Rxmkb,77,71,87
Student_738_Qtedy,96,59,60
Student_739_Dcpad,44,51,99
Student_740_Icmvya,43,35,42
Student_741_Smxkhi,45,60,52
Student_742_Qgjvpkpl,100,68,39
Student_743_Oqcgqo,49,51,97
Student_744_Tlzzzs,92,49,73
Student_745_Ovdoxg,86,62,90
Student_746_Txgep,36,88,55
Student_747_Yckjkqbw,66,98,56
Student_748_Gottr,64,81,57
Student_749_Sefoi,87,64,45
Student_750_Xeaftm,56,51,98
Student_751_Ztgjwr,49,73,95
Student_752_Cumgilv,79,85,43
Student_753_Julcpebo,70,77,98
Student_754_Nypukg,40,81,56
Student_755_Zylgmfy,91,36,60
Student_756_Dudnes,97,48,64
Student_757_Rejyahlj,91,96,100
Student_758_Waakvl,74,84,88
Student_759_Nrgpg,84,69,36
Student_760_Zuechrv,94,93,62
Student_761_Dpvcehrh,86,35,55
Student_762_Ggzbfszl,86,38,100
Student_763_Yplbjsoc,82,52,76
Student_764_Cluqrq,93,82,80
Student_765_Zqmnw,82,97,44
Student_766_Bbwoj,62,50,58
Student_767_Khcbe,90,96,91
Student_768_Krjvkv,65,75,97
Student_769_Adqyki,41,58,86
Student_770_Ktolvefz,58,37,70
Student_771_Omqvftk,74,96,65
Student_772_Zhxjyx,84,81,80
Student_773_Ujawwjgf,88,57,53
Student_774_Ziiftr,43,53,45
Student_775_Fmepw,64,57,99
Student_776_Pycbbud,49,86,68
Student_777_Axfcple,67,38,35
Student_778_Hmubnzm,47,63,50
Student_779_Vgitch,41,35,79
Student_780_Nsujbgjl,52,83,71
Student_781_Tleql,62,54,71
Student_782_Lankyu,66,72,54
Student_783_Wdpoq,55,46,98
Student_784_Hkxgi,89,89,92
Student_785_Lnhygkhb,74,56,91
Student_786_Uxkfqqx,98,84,91
Student_787_Ibildz,53,98,51
Student_788_Dygauq,74,100,38
Student_789_Rxystp,91,63,92
Student_790_Bramcy,95,72,52
Student_791_Qflipzdb,99,59,87
Student_792_Wbwigf,36,95,100
Student_793_Tfpcf,43,68,88
Student_794_Bcxsi,50,80,88
Student_795_Sdmnxp,98,79,96
Student_796_Anvly,64,49,35
Student_797_Pnazgak,56,46,52
Student_798_Yfyojqkl,71,36,91
Student_799_Vzkda,78,48,42
Student_800_Ykqfjvj,35,61,45
Student_801_Owepzeti,54,38,47
Student_802_Hyydknpc,69,94,57
Student_803_Kasoyq,85,50,76
Student_804_Ztvsnjrr,73,43,43
Student_805_Ncqics,54,45,46
Student_806_Cijwcb,60,85,75
Student_807_Zgzfrpo,99,46,86
Student_808_Wyibzciw,90,51,72
Student_809_Teyzffw,35,76,95
Student_810_Llluh,91,99,89
Student_811_Dieejrx,48,76,71
Student_812_Dbmmrvz,77,97,84
Student_813_Guwngyl,95,89,95
Student_814_Cpfywm,47,73,53
Student_815_Zeqjff,66,74,87
Student_816_Wlqaiste,95,82,94
Student_817_Xbeitcj,90,45,69
Student_818_Ikromq,53,35,93
Student_819_Kkhfqu,82,79,69
Student_820_Xxpzy,64,79,98
Student_821_Jlpgibx,83,79,66
Student_822_Lcutlnsq,95,52,50
Student_823_Xfmleupd,62,77,67
Student_824_Hxtgz,49,80,80
Student_825_Drkfzq,71,54,94
Student_826_Mdmwgiph,71,83,75
Student_827_Byeam,84,55,52
Student_828_Eovsf,90,47,86
Student_829_Xsnft,68,61,72
Student_830_Rnzog,35,81,44
Student_831_Rifqtxi,100,89,93
Student_832_Tegpn,91,89,35
Student_833_Qkxcck,70,95,78
Student_834_Cdsewzmc,85,47,40
Student_835_Gthbjbz,66,69,90
Student_836_Evvdkd,82,39,92
Student_837_Esaamz,51,75,77
Student_838_Cbypb,87,60,80
Student_839_Sulug,36,86,62
Student_840_Gywxudk,56,67,37
Student_841_Bqqozukq,67,94,84
Student_842_Lbqtaen,36,88,66
Student_843_Riyxwur,90,100,53
Student_844_Pezqwrs,95,56,44
Student_845_Vbmarg,83,91,64
Student_846_Dodkp,57,50,56
Student_847_Gjaxjts,94,83,67
Student_848_Xhzyrg,89,63,36
Student_849_Hndyws,91,43,58
Student_850_Glwguyil,68,36,77
Student_851_Vehudm,64,70,75
Student_852_Ekphk,83,46,52
Student_853_Iajdpmsi,99,78,36
Student_854_Gqygvmk,56,91,47
Student_855_Ynous,91,54,65
Student_856_Hwsikxmc,42,98,94
Student_857_Edhknj,69,64,53
Student_858_Gyyxwnbc,78,88,100
Student_859_Oqqagh,67,58,76
Student_860_Gzajek,70,60,68
Student_861_Hguhscno,56,41,62
Student_862_Wkxbhbg,74,35,43
Student_863_Larcages,62,38,91
Student_864_Ydmhp,83,59,71
Student_865_Tycmeeg,83,77,93
Student_866_Srofmsrz,95,89,78
Student_867_Yksvyssp,70,51,38
Student_868_Gofgcszf,69,39,60
Student_869_Abuqklse,47,44,44
Student_870_Afhnsh,78,43,87
Student_871_Iqnyvk,50,73,46
Student_872_Gmaasktf,61,46,91
Student_873_Mbdifrq,70,70,51
Student_874_Uodwnbk,61,91,68
Student_875_Jffvxluv,65,55,49
Student_876_Iexpr,36,65,87
Student_877_Vctaj,49,44,43
Student_878_Gzualmpk,47,76,91
Student_879_Mkkctcme,97,69,66
Student_880_Xpvrsfx,52,99,96
Student_881_Aogefmag,46,42,48
Student_882_Cmsookce,35,75,40
Student_883_Kxcknor,84,95,84
Student_884_Izvpoao,82,97,70
Student_885_Alvtxjeq,83,97,88
Student_886_Palmog,64,49,54
Student_887_Vawzx,80,53,100
Student_888_Cdyns,53,77,77
Student_889_Yvmje,35,60,39
Student_890_Yuejk,90,81,89
Student_891_Lvlkpy,35,43,95
Student_892_Uupfimt,60,73,44
Student_893_Oytznovj,36,77,87
Student_894_Oxlec,53,76,91
Student_895_Pmoiii,69,48,47
Student_896_Lrlinkkd,70,40,78
Student_897_Uscpxxlh,52,65,37
Student_898_Eovezs,88,91,93
Student_899_Rpnbgxtt,67,99,42
Student_900_Wbayhq,39,38,57
Student_901_Uxsxtllj,97,77,39
Student_902_Tgphti,56,64,38
Student_903_Zndoekev,42,41,66
Student_904_Fzyzg,78,88,93
Student_905_Rrpbajv,61,52,79
Student_906_Oxahgdf,60,62,70
Student_907_Rnsnsgzh,68,39,98
Student_908_Vakvutu,46,80,64
Student_909_Toegln,56,85,41
Student_910_Jsjhm,54,60,74
Student_911_Fdlxn,84,72,35
Student_912_Ycnljai,49,74,47
Student_913_Wldnj,89,54,92
Student_914_Krgqce,98,85,52
Student_915_Maurw,38,42,89
Student_916_Yjbqc,84,47,66
Student_917_Muxkk,83,36,69
Student_918_Wrgcpy,40,66,54
Student_919_Wecarhy,100,36,56
Student_920_Lowiyoic,49,42,45
Student_921_Gnyggdfj,56,93,37
Student_922_Hfipt,51,47,77
Student_923_Qpqsq,58,69,97
Student_924_Lebmsvv,44,57,63
Student_925_Seetvyku,74,86,54
Student_926_Ykymprgm,91,77,83
Student_927_Xbzmt,41,41,49
Student_928_Sjqxzjr,58,68,88
Student_929_Pwrxs,51,51,40
Student_930_Bbmgniq,77,83,69
Student_931_Hnpyu,79,65,48
Student_932_Wiwvwcan,37,63,63
Student_933_Pwkyggq,100,54,79
Student_934_Njzciph,70,45,69
Student_935_Dqdqdvd,35,69,63
Student_936_Domyu,68,52,37
Student_937_Ocgte,89,87,59
Student_938_Vrxpn,49,85,97
Student_939_Nsisnv,66,87,45
Student_940_Kvjsqb,55,91,88
Student_941_Pacck,83,55,60
Student_942_Jfviqtnh,35,73,65
Student_943_Vjjadphg,93,74,85
Student_944_Xdcscht,41,76,44
Student_945_Jzimdut,52,78,52
Student_946_Xizpwk,54,98,90
Student_947_Afurmba,73,91,38
Student_948_Dsfdhu,58,50,41
Student_949_Hbvur,48,36,74
Student_950_Rkdqt,74,63,84
Student_951_Vuass,53,83,43
Student_952_Fapezk,65,62,55
Student_953_Eezom,47,82,91
Student_954_Mnwmgaa,84,58,61
Student_955_Zkojtu,94,58,59
Student_956_Kttammaq,38,76,70
Student_957_Xglsas,98,65,81
Student_958_Stvoab,75,89,59
Student_959_Rdhepby,45,92,35
Student_960_Lpzhrs,47,71,87
Student_961_Gyvlsqgd,38,87,67
Student_962_Thfrvyw,93,49,67
Student_963_Vexozs,47,44,45
Student_964_Ffpoli,55,71,52
Student_965_Vncjkp,100,68,59
Student_966_Vvdmqoit,85,73,40
Student_967_Zppjlqlq,50,75,97
Student_968_Ucembsdh,46,41,44
Student_969_Buzsard,50,52,43
Student_970_Yaiklwy,59,39,68
Student_971_Fxlhej,58,48,86
Student_972_Ywtubue,45,97,47
Student_973_Rgfcljia,62,35,48
Student_974_Zwbeaut,82,66,37
Student_975_Blaucfd,87,58,43
Student_976_Fofjjpin,92,65,68
Student_977_Dmtsjrl,93,99,43
Student_978_Vavfqxqt,52,85,75
Student_979_Hpnktxvp,98,98,70
Student_980_Bvcusjq,47,91,83
Student_981_Jdlnblsf,42,97,99
Student_982_Uxnke,55,61,36
Student_983_Oldcajks,49,88,74
Student_984_Jbxhjlk,71,76,74
Student_985_Bfiwm,92,74,57
Student_986_Utpchmnt,83,60,68
Student_987_Uugkpbko,56,89,95
Student_988_Tlktqwma,69,63,48
Student_989_Deuofpv,89,75,36
Student_990_Tuffplha,38,35,55
Student_991_Lphemrp,64,71,82
Student_992_Nnrxwzcm,51,84,82
Student_993_Tmcgo,58,44,52
Student_994_Jstoum,51,84,84
Student_995_Lmowne,97,60,68
Student_996_Zbvun,43,78,70
Student_997_Wtrkjfue,70,69,38
Student_998_Zpzfat,38,62,87
Student_999_Pzqbhkp,63,59,71
Student_1000_Zjxryuds,71,58,54
